year,SumTrade,CountTradeRela,numCountry,countryset
1870,1494,70,28,"{640, 2, 130, 390, 135, 140, 155, 160, 41, 300, 325, 70, 710, 200, 210, 211, 600, 220, 350, 225, 100, 101, 230, 740, 235, 365, 380, 255}"
1871,1790,72,28,"{640, 2, 130, 390, 135, 140, 155, 160, 41, 300, 325, 70, 710, 200, 210, 211, 600, 220, 350, 225, 100, 101, 230, 740, 235, 365, 380, 255}"
1872,1875,64,28,"{640, 2, 130, 325, 70, 135, 710, 200, 390, 140, 210, 211, 600, 155, 220, 350, 160, 225, 100, 101, 230, 740, 41, 235, 300, 365, 380, 255}"
1873,2573,119,31,"{640, 2, 130, 390, 135, 140, 145, 155, 160, 41, 300, 325, 70, 710, 200, 210, 211, 600, 90, 220, 350, 225, 100, 101, 230, 740, 616, 235, 365, 380, 255}"
1874,2285,131,32,"{640, 2, 130, 390, 135, 140, 145, 155, 160, 41, 300, 325, 70, 710, 200, 210, 211, 600, 90, 220, 350, 225, 100, 101, 230, 740, 616, 235, 365, 630, 380, 255}"
1875,1964,112,30,"{640, 2, 130, 390, 135, 140, 145, 155, 160, 41, 300, 325, 70, 710, 200, 210, 211, 600, 90, 220, 350, 225, 100, 101, 230, 740, 235, 365, 380, 255}"
1876,2292,128,32,"{640, 2, 130, 390, 135, 140, 145, 155, 160, 41, 300, 325, 70, 710, 200, 210, 211, 600, 90, 220, 350, 225, 100, 101, 230, 740, 616, 235, 365, 630, 380, 255}"
1877,2111,128,32,"{640, 2, 130, 390, 135, 140, 145, 155, 160, 41, 300, 325, 70, 710, 200, 210, 211, 600, 90, 220, 350, 225, 100, 101, 230, 740, 616, 235, 365, 630, 380, 255}"
1878,2440,138,33,"{640, 2, 130, 390, 135, 140, 145, 155, 160, 41, 300, 325, 70, 710, 200, 210, 211, 600, 90, 220, 350, 225, 100, 101, 230, 740, 360, 616, 235, 365, 630, 380, 255}"
1879,2599,141,33,"{640, 2, 130, 390, 135, 140, 145, 155, 160, 41, 300, 325, 70, 710, 200, 210, 211, 600, 90, 220, 350, 225, 100, 101, 230, 740, 360, 616, 235, 365, 630, 380, 255}"
1880,2263,141,33,"{640, 2, 130, 390, 135, 140, 145, 155, 160, 41, 300, 325, 70, 710, 200, 210, 211, 600, 90, 220, 350, 225, 100, 101, 230, 740, 360, 616, 235, 365, 630, 380, 255}"
1881,2618,134,32,"{640, 2, 130, 390, 140, 145, 155, 160, 41, 300, 325, 70, 710, 200, 210, 211, 600, 90, 220, 350, 225, 100, 101, 230, 740, 360, 616, 235, 365, 630, 380, 255}"
1882,2548,137,32,"{640, 2, 130, 390, 140, 145, 155, 160, 165, 41, 300, 325, 70, 710, 200, 210, 211, 600, 90, 220, 350, 225, 100, 101, 230, 740, 360, 235, 365, 630, 380, 255}"
1883,2662,140,33,"{640, 2, 130, 390, 135, 140, 145, 155, 160, 165, 41, 300, 325, 70, 710, 200, 210, 211, 600, 90, 220, 350, 225, 100, 101, 230, 740, 360, 235, 365, 630, 380, 255}"
1884,2512,138,34,"{640, 2, 130, 390, 135, 140, 145, 155, 160, 165, 41, 300, 325, 70, 710, 200, 210, 211, 600, 345, 90, 220, 350, 225, 100, 101, 230, 740, 360, 235, 365, 630, 380, 255}"
1885,2178,137,34,"{640, 2, 130, 390, 135, 140, 145, 155, 160, 165, 41, 300, 325, 70, 710, 200, 210, 211, 600, 345, 90, 220, 350, 225, 100, 101, 230, 740, 360, 235, 365, 630, 380, 255}"
1886,2281,148,34,"{640, 2, 130, 390, 135, 140, 145, 150, 155, 160, 165, 41, 300, 325, 70, 710, 200, 210, 211, 600, 345, 220, 350, 225, 100, 101, 230, 740, 360, 235, 365, 630, 380, 255}"
1887,2302,171,35,"{640, 2, 130, 390, 135, 140, 145, 150, 155, 160, 800, 165, 41, 300, 325, 70, 710, 200, 210, 211, 600, 345, 220, 350, 225, 100, 101, 230, 740, 360, 235, 365, 630, 380, 255}"
1888,2375,175,36,"{640, 2, 130, 390, 135, 140, 145, 150, 155, 160, 800, 165, 41, 300, 325, 70, 710, 200, 210, 211, 600, 345, 730, 220, 350, 225, 100, 101, 230, 740, 360, 235, 365, 630, 380, 255}"
1889,2596,170,35,"{640, 2, 130, 390, 135, 140, 150, 155, 160, 800, 165, 41, 300, 325, 70, 710, 200, 210, 211, 600, 345, 730, 220, 350, 225, 100, 101, 230, 740, 360, 235, 365, 630, 380, 255}"
1890,2515,166,35,"{640, 2, 130, 390, 135, 140, 145, 150, 155, 160, 800, 165, 41, 300, 325, 70, 710, 200, 210, 211, 600, 345, 220, 350, 225, 100, 101, 230, 740, 360, 235, 365, 630, 380, 255}"
1891,2743,184,38,"{2, 800, 41, 300, 325, 70, 600, 345, 90, 92, 350, 100, 101, 360, 365, 630, 380, 640, 130, 390, 135, 140, 145, 150, 155, 160, 165, 710, 200, 210, 211, 730, 220, 225, 740, 230, 235, 255}"
1892,2727,177,37,"{2, 800, 41, 300, 325, 70, 600, 345, 90, 92, 350, 100, 101, 360, 365, 630, 380, 640, 130, 390, 135, 140, 145, 155, 160, 165, 710, 200, 210, 211, 730, 220, 225, 740, 230, 235, 255}"
1893,2601,182,37,"{2, 800, 41, 300, 325, 70, 600, 345, 90, 92, 350, 100, 101, 360, 365, 630, 380, 640, 130, 390, 135, 140, 145, 155, 160, 165, 710, 200, 210, 211, 730, 220, 225, 740, 230, 235, 255}"
1894,2455,138,34,"{640, 2, 130, 390, 135, 140, 155, 160, 800, 165, 41, 300, 325, 70, 710, 200, 210, 211, 600, 345, 730, 220, 350, 225, 100, 101, 230, 740, 360, 235, 365, 630, 380, 255}"
1895,2317,163,34,"{640, 2, 130, 390, 135, 140, 155, 160, 800, 165, 41, 300, 325, 70, 710, 200, 210, 211, 600, 345, 730, 220, 350, 225, 100, 101, 230, 740, 360, 235, 365, 630, 380, 255}"
1896,2749,182,37,"{2, 800, 41, 300, 325, 70, 600, 345, 90, 92, 350, 100, 101, 360, 365, 630, 380, 640, 130, 390, 135, 140, 145, 155, 160, 165, 710, 200, 210, 211, 730, 220, 225, 740, 230, 235, 255}"
1897,2936,193,38,"{2, 800, 41, 300, 325, 70, 600, 345, 90, 92, 350, 100, 101, 360, 365, 630, 380, 640, 130, 390, 135, 140, 145, 150, 155, 160, 165, 710, 200, 210, 211, 730, 220, 225, 740, 230, 235, 255}"
1898,3343,199,38,"{640, 2, 130, 390, 135, 140, 145, 150, 155, 160, 800, 165, 41, 300, 325, 70, 710, 200, 210, 211, 600, 345, 730, 90, 220, 92, 350, 225, 100, 101, 230, 740, 360, 235, 365, 630, 380, 255}"
1899,3149,173,39,"{2, 800, 41, 300, 325, 70, 600, 345, 90, 91, 92, 350, 100, 101, 360, 365, 630, 380, 640, 130, 390, 135, 140, 145, 150, 155, 160, 165, 710, 200, 210, 211, 730, 220, 225, 740, 230, 235, 255}"
1900,3350,186,36,"{640, 2, 130, 390, 135, 140, 145, 155, 160, 800, 165, 41, 42, 300, 325, 70, 710, 200, 210, 211, 600, 345, 730, 220, 350, 225, 100, 101, 230, 740, 360, 235, 365, 630, 380, 255}"
1901,3257,187,34,"{640, 2, 130, 390, 135, 140, 155, 160, 800, 165, 41, 300, 325, 70, 710, 200, 210, 211, 600, 345, 730, 220, 350, 225, 100, 101, 230, 740, 360, 235, 365, 630, 380, 255}"
1902,3506,184,35,"{640, 2, 130, 390, 135, 140, 155, 160, 800, 165, 40, 41, 300, 325, 70, 710, 200, 210, 211, 600, 345, 730, 220, 350, 225, 100, 101, 230, 740, 360, 235, 365, 630, 380, 255}"
1903,3789,191,35,"{640, 2, 130, 390, 135, 140, 155, 160, 800, 165, 40, 41, 300, 325, 70, 710, 200, 210, 211, 600, 345, 730, 220, 350, 225, 100, 101, 230, 740, 360, 235, 365, 630, 380, 255}"
1904,3758,187,36,"{640, 2, 130, 390, 135, 140, 155, 160, 800, 165, 40, 41, 300, 325, 70, 710, 200, 210, 211, 600, 345, 730, 220, 92, 350, 225, 100, 101, 230, 740, 360, 235, 365, 630, 380, 255}"
1905,4585,243,39,"{640, 385, 2, 130, 390, 135, 140, 145, 155, 160, 800, 165, 40, 41, 300, 325, 70, 710, 200, 210, 211, 600, 345, 730, 91, 220, 92, 350, 225, 100, 101, 230, 740, 360, 235, 365, 630, 380, 255}"
1906,4991,215,38,"{640, 385, 2, 130, 390, 135, 140, 145, 530, 155, 160, 800, 165, 40, 41, 300, 325, 70, 710, 200, 210, 211, 600, 345, 90, 220, 350, 225, 100, 101, 230, 740, 360, 235, 365, 630, 380, 255}"
1907,5446,229,37,"{640, 385, 2, 130, 390, 135, 140, 145, 530, 155, 160, 800, 165, 41, 300, 325, 70, 710, 200, 210, 211, 600, 345, 90, 220, 350, 225, 100, 101, 230, 740, 360, 235, 365, 630, 380, 255}"
1908,5259,217,38,"{640, 385, 2, 130, 390, 135, 140, 145, 530, 155, 160, 800, 165, 41, 300, 325, 70, 710, 200, 210, 211, 600, 345, 90, 220, 350, 225, 355, 100, 101, 230, 740, 360, 235, 365, 630, 380, 255}"
1909,4881,223,39,"{640, 385, 2, 130, 390, 135, 140, 145, 530, 155, 160, 800, 165, 40, 41, 300, 325, 70, 710, 200, 210, 211, 600, 345, 90, 220, 350, 225, 355, 100, 101, 230, 740, 360, 235, 365, 630, 380, 255}"
1910,5918,253,42,"{640, 385, 2, 130, 390, 135, 140, 145, 150, 155, 160, 800, 165, 40, 41, 300, 325, 70, 710, 200, 210, 211, 600, 345, 90, 91, 92, 93, 220, 350, 225, 355, 100, 101, 230, 740, 360, 235, 365, 630, 380, 255}"
1911,6048,262,43,"{640, 385, 2, 130, 390, 135, 140, 145, 150, 155, 160, 800, 165, 40, 41, 42, 300, 325, 70, 710, 200, 210, 211, 600, 345, 90, 91, 92, 93, 220, 350, 225, 355, 100, 101, 230, 740, 360, 235, 365, 630, 380, 255}"
1912,6748,326,42,"{640, 385, 2, 130, 390, 135, 140, 145, 150, 155, 160, 800, 165, 40, 41, 42, 300, 325, 70, 710, 200, 210, 211, 345, 90, 91, 92, 93, 220, 350, 225, 355, 100, 101, 230, 740, 360, 235, 365, 630, 380, 255}"
1913,7183,351,41,"{640, 385, 2, 130, 390, 135, 140, 145, 150, 155, 160, 800, 165, 40, 41, 42, 300, 325, 70, 710, 200, 210, 211, 90, 91, 92, 93, 220, 350, 225, 355, 100, 101, 230, 740, 360, 235, 365, 630, 380, 255}"
1914,310,9,9,"{160, 640, 2, 740, 710, 230, 200, 365, 220}"
1915,368,8,8,"{160, 2, 740, 710, 230, 200, 365, 220}"
1916,428,7,8,"{160, 2, 740, 710, 230, 200, 365, 220}"
1917,580,7,8,"{160, 2, 740, 710, 230, 200, 365, 220}"
1918,600,5,7,"{160, 2, 740, 710, 230, 200, 365}"
1919,6610,354,50,"{2, 530, 800, 290, 40, 305, 310, 315, 325, 70, 339, 345, 90, 91, 92, 93, 350, 95, 355, 100, 101, 360, 365, 366, 367, 368, 630, 375, 380, 640, 385, 130, 390, 135, 140, 145, 150, 155, 160, 165, 700, 710, 200, 210, 220, 225, 740, 230, 235, 255}"
1920,16369,674,57,"{2, 530, 20, 800, 290, 40, 560, 305, 310, 315, 325, 70, 339, 345, 90, 91, 92, 93, 94, 95, 350, 355, 100, 101, 360, 365, 366, 367, 368, 630, 375, 380, 640, 385, 130, 900, 390, 135, 140, 145, 150, 920, 155, 160, 165, 700, 450, 710, 200, 210, 211, 220, 225, 740, 230, 235, 255}"
1921,10480,842,58,"{2, 530, 20, 800, 290, 40, 560, 305, 310, 315, 325, 70, 339, 345, 90, 91, 92, 93, 94, 95, 350, 355, 100, 101, 360, 365, 366, 367, 368, 630, 375, 380, 640, 385, 130, 900, 390, 135, 140, 145, 150, 920, 155, 160, 165, 700, 450, 710, 200, 210, 211, 212, 220, 225, 740, 230, 235, 255}"
1922,9593,924,58,"{2, 530, 20, 800, 290, 40, 560, 305, 310, 315, 325, 70, 339, 345, 90, 91, 92, 93, 94, 95, 350, 355, 100, 101, 360, 365, 366, 367, 368, 630, 375, 380, 640, 385, 130, 900, 390, 135, 140, 145, 150, 920, 155, 160, 165, 700, 450, 710, 200, 205, 210, 211, 220, 225, 740, 230, 235, 255}"
1923,9713,927,58,"{2, 530, 20, 800, 290, 40, 560, 305, 310, 315, 325, 70, 339, 345, 90, 91, 92, 93, 94, 95, 350, 355, 100, 101, 360, 365, 366, 367, 368, 630, 375, 380, 640, 385, 130, 900, 390, 135, 140, 145, 150, 920, 155, 160, 165, 700, 450, 710, 200, 205, 210, 211, 220, 225, 740, 230, 235, 255}"
1924,12057,983,59,"{2, 530, 20, 800, 290, 40, 42, 560, 305, 310, 315, 325, 70, 339, 345, 90, 91, 92, 93, 94, 95, 350, 355, 100, 101, 360, 365, 366, 367, 368, 630, 375, 380, 640, 385, 130, 900, 390, 135, 140, 145, 150, 920, 155, 160, 165, 700, 450, 710, 200, 205, 210, 211, 220, 225, 740, 230, 235, 255}"
1925,13817,933,59,"{2, 530, 20, 800, 290, 40, 42, 560, 305, 310, 315, 325, 70, 339, 345, 90, 91, 92, 93, 94, 95, 350, 355, 100, 101, 360, 365, 366, 367, 368, 630, 375, 380, 640, 385, 130, 900, 390, 135, 140, 145, 150, 920, 155, 160, 165, 700, 450, 710, 200, 205, 210, 211, 220, 225, 740, 230, 235, 255}"
1926,11587,955,60,"{2, 530, 20, 800, 290, 40, 42, 560, 305, 310, 315, 325, 70, 339, 345, 90, 91, 92, 93, 94, 95, 350, 355, 100, 101, 360, 365, 366, 367, 368, 630, 375, 380, 640, 385, 130, 900, 390, 135, 140, 145, 150, 920, 155, 160, 165, 678, 700, 450, 710, 200, 205, 210, 211, 220, 225, 740, 230, 235, 255}"
1927,13769,1045,62,"{2, 530, 20, 800, 290, 40, 42, 560, 305, 310, 315, 325, 70, 339, 345, 90, 91, 92, 93, 94, 95, 350, 355, 100, 101, 360, 365, 366, 367, 368, 630, 375, 380, 640, 385, 130, 900, 390, 135, 140, 145, 150, 920, 155, 670, 160, 165, 678, 700, 450, 710, 200, 205, 210, 211, 212, 220, 225, 740, 230, 235, 255}"
1928,13888,1057,62,"{2, 530, 20, 800, 290, 40, 42, 560, 305, 310, 315, 325, 70, 339, 345, 90, 91, 92, 93, 94, 95, 350, 355, 100, 101, 360, 365, 366, 367, 368, 630, 375, 380, 640, 385, 130, 900, 390, 135, 140, 145, 150, 920, 155, 670, 160, 165, 678, 700, 450, 710, 200, 205, 210, 211, 212, 220, 225, 740, 230, 235, 255}"
1929,14015,1075,62,"{2, 530, 20, 800, 290, 40, 42, 560, 305, 310, 315, 325, 70, 339, 345, 90, 91, 92, 93, 94, 95, 350, 355, 100, 101, 360, 365, 366, 367, 368, 630, 375, 380, 640, 385, 130, 900, 390, 135, 140, 145, 150, 920, 155, 670, 160, 165, 678, 700, 450, 710, 200, 712, 205, 210, 211, 220, 225, 740, 230, 235, 255}"
1930,9565,935,61,"{2, 530, 20, 800, 290, 40, 42, 560, 305, 310, 315, 325, 70, 339, 345, 90, 91, 92, 93, 94, 95, 350, 355, 100, 101, 360, 365, 366, 367, 368, 630, 375, 380, 640, 385, 130, 900, 390, 135, 140, 145, 150, 920, 155, 670, 160, 165, 678, 700, 450, 710, 200, 205, 210, 211, 220, 225, 740, 230, 235, 255}"
1931,7821,1068,62,"{2, 530, 20, 800, 290, 40, 42, 560, 305, 310, 315, 325, 70, 339, 345, 90, 91, 92, 93, 94, 95, 350, 355, 100, 101, 360, 365, 366, 367, 368, 630, 375, 380, 640, 385, 130, 900, 390, 135, 140, 145, 150, 920, 155, 670, 160, 165, 678, 700, 450, 710, 200, 712, 205, 210, 211, 220, 225, 740, 230, 235, 255}"
1932,5140,1085,62,"{2, 530, 20, 800, 290, 40, 42, 560, 305, 310, 315, 325, 70, 339, 345, 90, 91, 92, 93, 94, 95, 350, 355, 100, 101, 360, 365, 366, 367, 368, 630, 375, 380, 640, 385, 130, 900, 645, 390, 135, 140, 145, 150, 920, 155, 670, 160, 165, 678, 700, 450, 710, 200, 205, 210, 211, 220, 225, 740, 230, 235, 255}"
1933,5241,1093,63,"{2, 530, 20, 800, 290, 40, 42, 560, 305, 310, 315, 325, 70, 339, 345, 90, 91, 92, 93, 94, 95, 350, 355, 100, 101, 360, 365, 366, 367, 368, 630, 375, 380, 640, 385, 130, 900, 645, 390, 135, 140, 145, 150, 920, 155, 670, 160, 165, 678, 700, 450, 710, 200, 712, 205, 210, 211, 220, 225, 740, 230, 235, 255}"
1934,7259,1149,64,"{2, 530, 20, 800, 290, 40, 41, 42, 560, 305, 310, 315, 325, 70, 339, 345, 90, 91, 92, 93, 94, 95, 350, 355, 100, 101, 360, 365, 366, 367, 368, 630, 375, 380, 640, 385, 130, 900, 645, 390, 135, 140, 145, 150, 920, 155, 670, 160, 165, 678, 700, 450, 710, 200, 712, 205, 210, 211, 220, 225, 740, 230, 235, 255}"
1935,7668,1092,63,"{2, 530, 20, 800, 290, 40, 41, 42, 560, 305, 310, 315, 325, 70, 339, 345, 90, 91, 92, 93, 94, 95, 350, 355, 100, 101, 360, 365, 366, 367, 368, 630, 375, 380, 640, 385, 130, 900, 645, 390, 135, 140, 145, 150, 920, 155, 670, 160, 165, 678, 700, 450, 710, 200, 205, 210, 211, 220, 225, 740, 230, 235, 255}"
1936,8064,1146,65,"{2, 530, 20, 800, 290, 40, 41, 42, 560, 305, 310, 315, 325, 70, 339, 345, 90, 91, 92, 93, 94, 95, 350, 355, 100, 101, 360, 365, 366, 367, 368, 630, 375, 380, 640, 385, 130, 900, 645, 390, 135, 140, 145, 150, 920, 155, 670, 160, 165, 678, 700, 450, 710, 200, 712, 205, 210, 211, 212, 220, 225, 740, 230, 235, 255}"
1937,10383,1191,65,"{2, 20, 800, 290, 40, 41, 42, 560, 305, 310, 315, 325, 70, 339, 345, 90, 91, 92, 93, 94, 95, 350, 355, 100, 101, 360, 365, 366, 367, 368, 630, 375, 380, 640, 385, 130, 900, 645, 390, 135, 651, 140, 145, 150, 920, 155, 670, 160, 165, 678, 700, 450, 710, 200, 712, 205, 210, 211, 212, 220, 225, 740, 230, 235, 255}"
1938,9623,1166,63,"{2, 20, 800, 290, 40, 41, 42, 560, 305, 310, 315, 325, 70, 339, 345, 90, 91, 92, 93, 94, 95, 350, 355, 100, 101, 360, 365, 366, 367, 368, 630, 375, 380, 640, 385, 130, 900, 645, 390, 135, 651, 140, 145, 150, 920, 155, 670, 160, 165, 678, 700, 450, 710, 200, 205, 210, 211, 220, 225, 740, 230, 235, 255}"
1939,3488,730,60,"{2, 20, 800, 290, 40, 41, 42, 560, 310, 315, 325, 70, 339, 345, 90, 91, 92, 93, 94, 95, 350, 355, 100, 101, 360, 365, 366, 367, 368, 630, 375, 380, 640, 385, 130, 900, 645, 390, 135, 651, 140, 145, 150, 920, 155, 670, 160, 165, 700, 450, 710, 200, 205, 210, 220, 225, 740, 230, 235, 255}"
1940,2476,475,57,"{2, 20, 800, 40, 41, 42, 560, 310, 325, 70, 345, 90, 91, 92, 93, 94, 95, 350, 355, 100, 101, 360, 365, 366, 367, 368, 630, 375, 380, 640, 385, 130, 900, 645, 390, 135, 651, 140, 145, 150, 920, 155, 670, 160, 165, 700, 450, 710, 200, 205, 210, 220, 225, 740, 230, 235, 255}"
1941,2039,314,52,"{2, 530, 20, 800, 40, 41, 42, 560, 310, 325, 70, 345, 90, 91, 92, 93, 94, 95, 350, 355, 100, 101, 360, 365, 630, 375, 380, 640, 130, 900, 645, 135, 651, 140, 145, 150, 920, 155, 670, 160, 165, 700, 450, 710, 200, 205, 220, 225, 740, 230, 235, 255}"
1942,3127,178,48,"{640, 2, 130, 900, 645, 135, 651, 140, 145, 530, 20, 150, 920, 155, 160, 800, 165, 40, 41, 42, 560, 310, 700, 325, 70, 710, 200, 205, 90, 91, 92, 93, 94, 95, 220, 225, 355, 100, 101, 740, 230, 360, 235, 365, 630, 375, 380, 255}"
1943,1673,123,31,"{2, 900, 135, 651, 140, 530, 20, 150, 920, 160, 165, 40, 41, 42, 560, 310, 325, 70, 710, 200, 205, 93, 94, 355, 100, 101, 740, 230, 360, 365, 255}"
1944,3173,212,52,"{640, 2, 130, 900, 645, 135, 651, 140, 395, 145, 530, 20, 150, 920, 155, 160, 800, 165, 40, 41, 42, 560, 310, 700, 325, 70, 710, 200, 205, 339, 345, 90, 91, 92, 93, 94, 95, 220, 350, 225, 355, 100, 101, 740, 230, 360, 235, 365, 630, 375, 380, 255}"
1945,2168,351,58,"{2, 530, 20, 800, 290, 40, 41, 42, 560, 310, 315, 325, 70, 339, 345, 90, 91, 92, 93, 94, 95, 350, 355, 100, 101, 360, 365, 630, 375, 380, 640, 385, 130, 900, 645, 390, 135, 651, 140, 395, 145, 150, 920, 155, 160, 165, 700, 450, 710, 200, 205, 210, 220, 225, 740, 230, 235, 255}"
1946,6721,442,60,"{2, 530, 20, 800, 290, 40, 41, 42, 560, 310, 315, 325, 70, 840, 339, 345, 90, 91, 92, 93, 94, 95, 350, 355, 100, 101, 360, 365, 630, 375, 380, 640, 385, 130, 900, 645, 390, 135, 651, 140, 652, 395, 145, 660, 150, 663, 920, 155, 160, 165, 700, 450, 710, 200, 205, 210, 220, 225, 230, 235}"
1947,9389,449,62,"{2, 770, 530, 20, 800, 290, 40, 41, 42, 560, 310, 315, 325, 70, 840, 339, 345, 90, 91, 92, 93, 94, 95, 350, 355, 100, 101, 360, 365, 630, 375, 380, 640, 385, 130, 900, 645, 390, 135, 651, 140, 652, 395, 145, 660, 150, 663, 920, 155, 160, 165, 700, 450, 710, 200, 205, 210, 220, 225, 230, 235, 750}"
1948,24480,2173,70,"{2, 770, 775, 780, 530, 20, 790, 800, 290, 40, 41, 42, 560, 310, 315, 325, 70, 840, 339, 345, 90, 91, 92, 93, 94, 95, 350, 355, 100, 101, 360, 365, 630, 375, 380, 640, 385, 130, 900, 645, 390, 135, 395, 140, 651, 652, 145, 660, 150, 663, 920, 666, 155, 670, 160, 165, 678, 700, 450, 710, 200, 712, 205, 210, 731, 220, 225, 230, 235, 750}"
1949,22435,2241,72,"{2, 770, 775, 780, 530, 20, 790, 800, 290, 40, 41, 42, 560, 310, 315, 325, 70, 840, 850, 339, 345, 90, 91, 92, 93, 94, 95, 350, 355, 100, 101, 360, 365, 630, 375, 380, 640, 385, 130, 900, 645, 390, 135, 395, 140, 651, 652, 145, 660, 150, 663, 920, 666, 155, 670, 160, 165, 678, 700, 450, 710, 200, 712, 205, 210, 731, 220, 732, 225, 230, 235, 750}"
1950,20609,2323,74,"{2, 770, 775, 780, 530, 20, 790, 800, 290, 40, 41, 42, 560, 310, 315, 325, 70, 840, 850, 339, 345, 90, 91, 92, 93, 94, 95, 350, 355, 100, 101, 360, 365, 630, 375, 380, 640, 385, 130, 900, 645, 390, 135, 395, 140, 651, 652, 145, 660, 150, 663, 920, 666, 155, 670, 160, 165, 678, 700, 450, 710, 200, 712, 205, 210, 211, 212, 731, 220, 732, 225, 230, 235, 750}"
1951,28430,2434,75,"{2, 770, 775, 780, 530, 20, 790, 800, 290, 40, 41, 42, 560, 310, 315, 325, 70, 840, 850, 339, 345, 90, 91, 92, 93, 94, 95, 350, 355, 100, 101, 360, 620, 365, 630, 375, 380, 640, 385, 130, 900, 645, 390, 135, 395, 140, 651, 652, 145, 660, 150, 663, 920, 666, 155, 670, 160, 165, 678, 700, 450, 710, 200, 712, 205, 210, 211, 212, 731, 220, 732, 225, 230, 235, 750}"
1952,29913,2550,77,"{2, 770, 775, 780, 530, 20, 790, 800, 290, 40, 41, 42, 560, 310, 315, 325, 70, 840, 850, 339, 345, 90, 91, 92, 93, 94, 95, 350, 355, 100, 101, 360, 620, 365, 630, 375, 380, 640, 385, 130, 900, 645, 390, 135, 395, 140, 651, 652, 145, 660, 150, 663, 920, 666, 155, 670, 160, 165, 678, 700, 450, 710, 200, 712, 713, 205, 210, 211, 212, 731, 220, 732, 225, 740, 230, 235, 750}"
1953,27314,2654,78,"{2, 770, 775, 780, 530, 20, 790, 800, 290, 40, 41, 42, 811, 812, 560, 310, 315, 325, 70, 840, 850, 339, 345, 90, 91, 92, 93, 94, 95, 350, 355, 100, 101, 360, 620, 365, 630, 375, 380, 640, 385, 130, 900, 645, 390, 135, 395, 140, 651, 652, 145, 660, 150, 663, 920, 666, 155, 670, 160, 165, 678, 700, 450, 710, 200, 712, 205, 210, 211, 212, 731, 220, 732, 225, 740, 230, 235, 750}"
1954,28875,2760,80,"{2, 770, 775, 265, 780, 530, 20, 790, 800, 290, 40, 41, 42, 811, 812, 560, 817, 310, 315, 325, 70, 840, 850, 339, 345, 90, 91, 92, 93, 94, 95, 350, 355, 100, 101, 360, 620, 365, 630, 375, 380, 640, 385, 130, 900, 645, 390, 135, 395, 140, 651, 652, 145, 660, 150, 663, 920, 666, 155, 670, 160, 165, 678, 700, 450, 710, 200, 712, 205, 210, 211, 212, 731, 220, 732, 225, 740, 230, 235, 750}"
1955,42735,3010,83,"{2, 770, 260, 775, 265, 780, 530, 20, 790, 800, 290, 40, 41, 42, 811, 812, 560, 305, 817, 310, 315, 325, 70, 840, 850, 339, 345, 90, 91, 92, 93, 94, 95, 350, 355, 100, 101, 360, 620, 365, 630, 375, 380, 640, 385, 130, 900, 645, 390, 135, 395, 140, 651, 652, 145, 660, 150, 663, 920, 666, 155, 670, 160, 165, 678, 700, 450, 710, 200, 712, 713, 205, 210, 211, 212, 731, 220, 732, 225, 740, 230, 235, 750}"
1956,48366,3242,85,"{2, 770, 260, 775, 265, 780, 530, 20, 790, 800, 290, 40, 41, 42, 811, 812, 560, 305, 817, 310, 315, 325, 70, 840, 850, 339, 600, 345, 90, 91, 92, 93, 94, 95, 350, 355, 100, 101, 360, 616, 620, 365, 625, 630, 375, 380, 640, 385, 130, 900, 645, 390, 135, 395, 140, 651, 652, 145, 660, 150, 663, 920, 666, 155, 670, 160, 165, 678, 700, 450, 710, 200, 712, 205, 210, 211, 212, 731, 220, 732, 225, 740, 230, 235, 750}"
1957,54450,3376,87,"{2, 530, 20, 40, 41, 42, 560, 70, 600, 90, 91, 92, 93, 94, 95, 100, 101, 616, 620, 625, 630, 640, 130, 645, 135, 651, 140, 652, 145, 660, 150, 663, 666, 155, 670, 160, 165, 678, 700, 710, 200, 712, 205, 210, 211, 212, 731, 220, 732, 225, 740, 230, 235, 750, 770, 260, 775, 265, 780, 790, 800, 290, 811, 812, 305, 817, 820, 310, 315, 325, 840, 850, 339, 345, 350, 355, 360, 365, 375, 380, 385, 900, 390, 395, 920, 450, 452}"
1958,45878,3347,88,"{2, 530, 20, 40, 41, 42, 560, 70, 600, 90, 91, 92, 93, 94, 95, 100, 101, 616, 620, 625, 630, 640, 130, 645, 135, 651, 140, 652, 145, 660, 150, 663, 666, 155, 670, 160, 165, 678, 700, 710, 200, 712, 205, 210, 211, 212, 731, 220, 732, 225, 740, 230, 235, 750, 770, 260, 775, 265, 780, 790, 800, 290, 811, 812, 305, 817, 820, 310, 315, 325, 840, 850, 339, 345, 350, 355, 360, 365, 375, 380, 385, 900, 390, 395, 920, 438, 450, 452}"
1959,47120,3320,87,"{2, 530, 20, 40, 41, 42, 560, 70, 600, 90, 91, 92, 93, 94, 95, 100, 101, 616, 620, 625, 630, 640, 130, 645, 135, 651, 140, 145, 660, 150, 663, 666, 155, 670, 160, 165, 678, 700, 710, 200, 712, 205, 210, 211, 212, 731, 220, 732, 225, 740, 230, 235, 750, 770, 260, 775, 265, 780, 790, 800, 290, 811, 812, 305, 817, 820, 310, 315, 325, 840, 850, 339, 345, 350, 355, 360, 365, 375, 380, 385, 900, 390, 395, 920, 438, 450, 452}"
1960,46582,4760,106,"{2, 520, 530, 20, 40, 41, 42, 560, 580, 70, 600, 90, 91, 92, 93, 94, 95, 100, 101, 616, 620, 625, 630, 640, 130, 645, 135, 651, 140, 145, 660, 150, 663, 666, 155, 670, 160, 165, 678, 700, 710, 200, 712, 713, 205, 210, 211, 212, 731, 220, 732, 225, 740, 230, 235, 750, 770, 260, 775, 265, 780, 790, 800, 290, 811, 812, 816, 305, 820, 310, 315, 325, 840, 850, 339, 345, 350, 352, 355, 360, 365, 375, 380, 385, 900, 390, 395, 920, 432, 433, 434, 435, 436, 437, 438, 439, 450, 452, 461, 471, 475, 481, 482, 483, 484, 490}"
1961,49688,5158,110,"{2, 520, 530, 20, 40, 41, 42, 560, 580, 70, 600, 90, 91, 92, 93, 94, 95, 100, 101, 616, 620, 625, 630, 640, 130, 645, 135, 651, 140, 652, 145, 660, 150, 663, 666, 155, 670, 160, 165, 678, 690, 700, 710, 200, 712, 713, 205, 210, 211, 212, 731, 220, 732, 225, 740, 230, 235, 750, 770, 260, 775, 265, 780, 790, 800, 290, 811, 812, 816, 305, 820, 310, 315, 325, 840, 850, 339, 345, 350, 352, 355, 360, 365, 375, 380, 385, 900, 390, 395, 920, 432, 433, 434, 435, 436, 437, 438, 439, 450, 451, 452, 461, 471, 475, 481, 482, 483, 484, 490, 510}"
1962,53314,5648,116,"{2, 516, 517, 520, 530, 20, 40, 41, 42, 560, 51, 52, 580, 70, 600, 90, 91, 92, 93, 94, 95, 100, 101, 615, 616, 620, 625, 630, 640, 130, 645, 135, 651, 140, 652, 145, 660, 150, 663, 666, 155, 670, 160, 165, 678, 690, 700, 710, 200, 712, 713, 205, 210, 211, 212, 731, 220, 732, 225, 740, 230, 235, 750, 770, 260, 775, 265, 780, 790, 800, 290, 811, 812, 816, 305, 820, 310, 315, 325, 840, 850, 339, 345, 350, 352, 355, 360, 365, 375, 380, 385, 900, 390, 395, 920, 432, 433, 434, 435, 436, 437, 438, 439, 450, 451, 452, 461, 471, 475, 481, 482, 483, 484, 490, 500, 510}"
1963,59062,5835,117,"{2, 516, 517, 520, 530, 20, 40, 41, 42, 560, 51, 52, 580, 70, 600, 90, 91, 92, 93, 94, 95, 100, 101, 615, 616, 620, 625, 630, 640, 130, 645, 135, 651, 140, 652, 145, 660, 150, 663, 666, 155, 670, 160, 165, 678, 690, 700, 710, 200, 712, 713, 205, 210, 211, 212, 731, 220, 732, 225, 740, 230, 235, 750, 770, 260, 775, 265, 780, 790, 800, 290, 811, 812, 816, 305, 820, 310, 315, 325, 840, 850, 339, 345, 350, 352, 355, 360, 365, 375, 380, 385, 900, 390, 395, 920, 432, 433, 434, 435, 436, 437, 438, 439, 450, 451, 452, 461, 471, 475, 481, 482, 483, 484, 490, 500, 501, 510}"
1964,67544,6106,120,"{2, 516, 517, 520, 530, 20, 551, 40, 41, 42, 553, 560, 51, 52, 580, 70, 600, 90, 91, 92, 93, 94, 95, 100, 101, 615, 616, 620, 625, 630, 640, 130, 645, 135, 651, 140, 652, 145, 660, 150, 663, 666, 155, 670, 160, 165, 678, 690, 700, 710, 200, 712, 713, 205, 210, 211, 212, 731, 220, 732, 225, 740, 230, 235, 750, 770, 260, 775, 265, 780, 790, 800, 290, 811, 812, 816, 305, 820, 310, 315, 325, 840, 338, 339, 850, 345, 350, 352, 355, 360, 365, 375, 380, 385, 900, 390, 395, 920, 432, 433, 434, 435, 436, 437, 438, 439, 450, 451, 452, 461, 471, 475, 481, 482, 483, 484, 490, 500, 501, 510}"
1965,72259,6366,124,"{2, 516, 517, 520, 530, 20, 551, 40, 41, 42, 552, 553, 560, 51, 52, 580, 70, 600, 90, 91, 92, 93, 94, 95, 100, 101, 615, 616, 620, 625, 630, 640, 130, 645, 135, 651, 140, 652, 145, 660, 150, 663, 666, 155, 670, 160, 165, 678, 690, 700, 710, 200, 712, 713, 205, 210, 211, 212, 731, 220, 732, 225, 740, 230, 235, 750, 770, 260, 775, 265, 780, 781, 790, 800, 290, 811, 812, 816, 305, 820, 310, 315, 830, 325, 840, 338, 339, 850, 345, 350, 352, 355, 360, 365, 375, 380, 385, 900, 390, 395, 920, 420, 432, 433, 434, 435, 436, 437, 438, 439, 450, 451, 452, 461, 471, 475, 481, 482, 483, 484, 490, 500, 501, 510}"
1966,79854,6751,128,"{2, 516, 517, 520, 530, 20, 551, 40, 41, 42, 552, 553, 560, 51, 52, 53, 570, 571, 580, 70, 600, 90, 91, 92, 93, 94, 95, 100, 101, 615, 616, 620, 110, 625, 630, 640, 130, 645, 135, 651, 140, 652, 145, 660, 150, 663, 666, 155, 670, 160, 165, 678, 690, 700, 710, 200, 712, 713, 205, 210, 211, 212, 731, 220, 732, 225, 740, 230, 235, 750, 770, 260, 775, 265, 780, 781, 790, 800, 290, 811, 812, 816, 305, 820, 310, 315, 830, 325, 840, 338, 339, 850, 345, 350, 352, 355, 360, 365, 375, 380, 385, 900, 390, 395, 920, 420, 432, 433, 434, 435, 436, 437, 438, 439, 450, 451, 452, 461, 471, 475, 481, 482, 483, 484, 490, 500, 501, 510}"
1967,84867,6880,129,"{2, 516, 517, 520, 530, 20, 551, 40, 41, 42, 552, 553, 560, 51, 52, 53, 570, 571, 580, 70, 600, 90, 91, 92, 93, 94, 95, 100, 101, 615, 616, 620, 110, 625, 630, 640, 130, 645, 135, 651, 140, 652, 145, 660, 150, 663, 666, 155, 670, 160, 165, 678, 680, 690, 700, 710, 200, 712, 713, 205, 210, 211, 212, 731, 220, 732, 225, 740, 230, 235, 750, 770, 260, 775, 265, 780, 781, 790, 800, 290, 811, 812, 816, 305, 820, 310, 315, 830, 325, 840, 338, 339, 850, 345, 350, 352, 355, 360, 365, 375, 380, 385, 900, 390, 395, 920, 420, 432, 433, 434, 435, 436, 437, 438, 439, 450, 451, 452, 461, 471, 475, 481, 482, 483, 484, 490, 500, 501, 510}"
1968,93482,7169,132,"{2, 516, 517, 520, 530, 20, 551, 40, 41, 42, 552, 553, 560, 51, 52, 53, 570, 571, 572, 580, 70, 590, 600, 90, 91, 92, 93, 94, 95, 100, 101, 615, 616, 620, 110, 625, 630, 640, 130, 645, 135, 651, 140, 652, 145, 660, 150, 663, 666, 155, 670, 160, 165, 678, 680, 690, 700, 710, 200, 712, 713, 205, 210, 211, 212, 731, 220, 732, 225, 740, 230, 235, 750, 770, 260, 775, 265, 780, 781, 790, 800, 290, 811, 812, 816, 305, 820, 310, 315, 830, 325, 840, 338, 339, 850, 345, 350, 352, 355, 360, 365, 375, 380, 385, 900, 390, 395, 920, 411, 420, 432, 433, 434, 435, 436, 437, 438, 439, 450, 451, 452, 461, 471, 475, 481, 482, 483, 484, 490, 500, 501, 510}"
1969,104860,7146,132,"{2, 516, 517, 520, 530, 20, 551, 40, 41, 42, 552, 553, 560, 51, 52, 53, 570, 571, 572, 580, 70, 590, 600, 90, 91, 92, 93, 94, 95, 100, 101, 615, 616, 620, 110, 625, 630, 640, 130, 645, 135, 651, 140, 652, 145, 660, 150, 663, 666, 155, 670, 160, 165, 678, 680, 690, 700, 710, 200, 712, 713, 205, 210, 211, 212, 731, 220, 732, 225, 740, 230, 235, 750, 770, 260, 775, 265, 780, 781, 790, 800, 290, 811, 812, 816, 305, 820, 310, 315, 830, 325, 840, 338, 339, 850, 345, 350, 352, 355, 360, 365, 375, 380, 385, 900, 390, 395, 920, 411, 420, 432, 433, 434, 435, 436, 437, 438, 439, 450, 451, 452, 461, 471, 475, 481, 482, 483, 484, 490, 500, 501, 510}"
1970,123129,7300,133,"{2, 516, 517, 520, 530, 20, 551, 40, 41, 42, 552, 553, 560, 51, 52, 53, 570, 571, 572, 580, 70, 590, 600, 90, 91, 92, 93, 94, 95, 100, 101, 615, 616, 620, 110, 625, 630, 640, 130, 645, 135, 651, 140, 652, 145, 660, 150, 663, 666, 155, 670, 160, 165, 678, 680, 690, 700, 710, 200, 712, 713, 205, 210, 211, 212, 731, 220, 732, 225, 740, 230, 235, 750, 770, 260, 775, 265, 780, 781, 790, 800, 290, 811, 812, 816, 305, 820, 310, 315, 830, 325, 840, 338, 339, 850, 345, 350, 352, 355, 360, 365, 375, 380, 385, 900, 390, 395, 920, 411, 420, 432, 433, 434, 435, 436, 437, 438, 439, 950, 450, 451, 452, 461, 471, 475, 481, 482, 483, 484, 490, 500, 501, 510}"
1971,133302,7734,138,"{2, 516, 517, 520, 530, 20, 551, 40, 41, 42, 552, 553, 560, 51, 52, 53, 570, 571, 572, 580, 70, 590, 600, 90, 91, 92, 93, 94, 95, 100, 101, 615, 616, 620, 110, 625, 630, 640, 130, 645, 135, 651, 140, 652, 145, 660, 150, 663, 666, 155, 670, 160, 165, 678, 680, 690, 692, 694, 696, 698, 700, 710, 200, 712, 713, 205, 210, 211, 212, 731, 220, 732, 225, 740, 230, 235, 750, 770, 771, 260, 775, 265, 780, 781, 790, 800, 290, 811, 812, 816, 305, 820, 310, 315, 830, 325, 840, 338, 339, 850, 345, 350, 352, 355, 360, 365, 375, 380, 385, 900, 390, 395, 920, 411, 420, 432, 433, 434, 435, 436, 437, 438, 439, 950, 450, 451, 452, 461, 471, 475, 481, 482, 483, 484, 490, 500, 501, 510}"
1972,154010,7780,138,"{2, 516, 517, 520, 530, 20, 551, 40, 41, 42, 552, 553, 560, 51, 52, 53, 570, 571, 572, 580, 70, 590, 600, 90, 91, 92, 93, 94, 95, 100, 101, 615, 616, 620, 110, 625, 630, 640, 130, 645, 135, 651, 140, 652, 145, 660, 150, 663, 666, 155, 670, 160, 165, 678, 680, 690, 692, 694, 696, 698, 700, 710, 200, 712, 713, 205, 210, 211, 212, 731, 220, 732, 225, 740, 230, 235, 750, 770, 771, 260, 775, 265, 780, 781, 790, 800, 290, 811, 812, 816, 305, 820, 310, 315, 830, 325, 840, 338, 339, 850, 345, 350, 352, 355, 360, 365, 375, 380, 385, 900, 390, 395, 920, 411, 420, 432, 433, 434, 435, 436, 437, 438, 439, 950, 450, 451, 452, 461, 471, 475, 481, 482, 483, 484, 490, 500, 501, 510}"
1973,216787,7924,139,"{2, 516, 517, 520, 530, 20, 31, 551, 40, 41, 42, 552, 553, 560, 51, 52, 53, 570, 571, 572, 580, 70, 590, 600, 90, 91, 92, 93, 94, 95, 100, 101, 615, 616, 620, 110, 625, 630, 640, 130, 645, 135, 651, 140, 652, 145, 660, 150, 663, 666, 155, 670, 160, 165, 678, 680, 690, 692, 694, 696, 698, 700, 710, 200, 712, 713, 205, 210, 211, 212, 731, 220, 732, 225, 740, 230, 235, 750, 770, 771, 260, 775, 265, 780, 781, 790, 800, 290, 811, 812, 816, 305, 820, 310, 315, 830, 325, 840, 338, 339, 850, 345, 350, 352, 355, 360, 365, 375, 380, 385, 900, 390, 395, 920, 411, 420, 432, 433, 434, 435, 436, 437, 438, 439, 950, 450, 451, 452, 461, 471, 475, 481, 482, 483, 484, 490, 500, 501, 510}"
1974,314165,8066,141,"{2, 516, 517, 520, 530, 20, 31, 551, 40, 41, 42, 552, 553, 560, 51, 52, 53, 55, 570, 571, 572, 580, 70, 590, 600, 90, 91, 92, 93, 94, 95, 100, 101, 615, 616, 620, 110, 625, 630, 640, 130, 645, 135, 651, 140, 652, 145, 660, 150, 663, 666, 155, 670, 160, 165, 678, 680, 690, 692, 694, 696, 698, 700, 710, 200, 712, 713, 205, 210, 211, 212, 731, 220, 732, 225, 740, 230, 235, 750, 770, 771, 260, 775, 265, 780, 781, 790, 800, 290, 811, 812, 816, 305, 820, 310, 315, 830, 325, 840, 338, 339, 850, 345, 350, 352, 355, 360, 365, 375, 380, 385, 900, 390, 395, 404, 920, 411, 420, 432, 433, 434, 435, 436, 437, 438, 439, 950, 450, 451, 452, 461, 471, 475, 481, 482, 483, 484, 490, 500, 501, 510}"
1975,343913,8563,148,"{2, 516, 517, 520, 530, 20, 540, 541, 31, 551, 40, 41, 42, 552, 553, 560, 51, 52, 53, 55, 570, 571, 572, 580, 581, 70, 590, 600, 90, 91, 92, 93, 94, 95, 100, 101, 615, 616, 620, 110, 625, 115, 630, 640, 130, 645, 135, 651, 140, 652, 145, 660, 150, 663, 666, 155, 670, 160, 165, 678, 680, 690, 692, 694, 696, 698, 700, 710, 200, 712, 713, 205, 210, 211, 212, 731, 220, 732, 225, 740, 230, 235, 750, 770, 771, 260, 775, 265, 780, 781, 790, 800, 290, 811, 812, 816, 305, 820, 310, 315, 830, 325, 840, 338, 339, 850, 345, 350, 352, 355, 360, 365, 375, 380, 385, 900, 390, 395, 910, 402, 403, 404, 920, 411, 420, 432, 433, 434, 435, 436, 437, 438, 439, 950, 450, 451, 452, 461, 471, 475, 481, 482, 483, 484, 490, 500, 501, 510}"
1976,372537,8642,150,"{2, 516, 517, 520, 530, 20, 540, 541, 31, 551, 40, 41, 42, 552, 553, 560, 51, 52, 53, 55, 570, 571, 572, 580, 581, 70, 590, 591, 600, 90, 91, 92, 93, 94, 95, 100, 101, 615, 616, 620, 110, 625, 115, 630, 640, 130, 645, 135, 651, 140, 652, 145, 660, 150, 663, 666, 155, 670, 160, 165, 678, 680, 690, 692, 694, 696, 698, 700, 710, 200, 712, 713, 205, 210, 211, 212, 731, 220, 732, 225, 740, 230, 235, 750, 770, 771, 260, 775, 265, 780, 781, 790, 800, 290, 811, 812, 816, 305, 820, 310, 315, 830, 325, 840, 338, 339, 850, 345, 350, 352, 355, 360, 365, 375, 380, 385, 900, 390, 395, 910, 402, 403, 404, 920, 411, 420, 432, 433, 434, 435, 436, 437, 438, 439, 950, 450, 451, 452, 461, 471, 475, 990, 481, 482, 483, 484, 490, 500, 501, 510}"
1977,422940,8735,151,"{2, 516, 517, 520, 522, 530, 20, 540, 541, 31, 551, 40, 41, 42, 552, 553, 560, 51, 52, 53, 55, 570, 571, 572, 580, 581, 70, 590, 591, 600, 90, 91, 92, 93, 94, 95, 100, 101, 615, 616, 620, 110, 625, 115, 630, 640, 130, 645, 135, 651, 140, 652, 145, 660, 150, 663, 666, 155, 670, 160, 165, 678, 680, 690, 692, 694, 696, 698, 700, 710, 200, 712, 713, 205, 210, 211, 212, 731, 220, 732, 225, 740, 230, 235, 750, 770, 771, 260, 775, 265, 780, 781, 790, 800, 290, 811, 812, 816, 305, 820, 310, 315, 830, 325, 840, 338, 339, 850, 345, 350, 352, 355, 360, 365, 375, 380, 385, 900, 390, 395, 910, 402, 403, 404, 920, 411, 420, 432, 433, 434, 435, 436, 437, 438, 439, 950, 450, 451, 452, 461, 471, 475, 990, 481, 482, 483, 484, 490, 500, 501, 510}"
1978,486914,8852,153,"{2, 516, 517, 520, 522, 530, 20, 540, 541, 31, 551, 40, 41, 42, 552, 553, 560, 51, 52, 53, 54, 55, 570, 571, 572, 580, 581, 70, 590, 591, 600, 90, 91, 92, 93, 94, 95, 100, 101, 615, 616, 620, 110, 625, 115, 630, 640, 130, 645, 135, 651, 140, 652, 145, 660, 150, 663, 666, 155, 670, 160, 165, 678, 680, 690, 692, 694, 696, 698, 700, 710, 200, 712, 713, 205, 210, 211, 212, 731, 220, 732, 225, 740, 230, 235, 750, 770, 771, 260, 775, 265, 780, 781, 790, 800, 290, 811, 812, 816, 305, 820, 310, 315, 830, 325, 840, 338, 339, 850, 345, 350, 352, 355, 360, 365, 375, 380, 385, 900, 390, 395, 910, 402, 403, 404, 920, 411, 420, 940, 432, 433, 434, 435, 436, 437, 438, 439, 950, 450, 451, 452, 461, 471, 475, 990, 481, 482, 483, 484, 490, 500, 501, 510}"
1979,615693,8900,155,"{2, 516, 517, 520, 522, 530, 20, 540, 541, 31, 551, 40, 41, 42, 552, 553, 560, 51, 52, 53, 54, 55, 56, 57, 570, 571, 572, 580, 581, 70, 590, 591, 600, 90, 91, 92, 93, 94, 95, 100, 101, 615, 616, 620, 110, 625, 115, 630, 640, 130, 645, 135, 651, 140, 652, 145, 660, 150, 663, 666, 155, 670, 160, 165, 678, 680, 690, 692, 694, 696, 698, 700, 710, 200, 712, 713, 205, 210, 211, 212, 731, 220, 732, 225, 740, 230, 235, 750, 770, 771, 260, 775, 265, 780, 781, 790, 800, 290, 811, 812, 816, 305, 820, 310, 315, 830, 325, 840, 338, 339, 850, 345, 350, 352, 355, 360, 365, 375, 380, 385, 900, 390, 395, 910, 402, 403, 404, 920, 411, 420, 940, 432, 433, 434, 435, 436, 437, 438, 439, 950, 450, 451, 452, 461, 471, 475, 990, 481, 482, 483, 484, 490, 500, 501, 510}"
1980,780526,8975,155,"{2, 516, 517, 520, 522, 530, 20, 540, 541, 31, 551, 40, 41, 42, 552, 553, 560, 51, 52, 53, 54, 55, 56, 57, 570, 571, 572, 580, 581, 70, 590, 591, 600, 90, 91, 92, 93, 94, 95, 100, 101, 615, 616, 620, 110, 625, 115, 630, 640, 130, 645, 135, 651, 140, 652, 145, 660, 150, 663, 666, 155, 670, 160, 165, 678, 680, 690, 692, 694, 696, 698, 700, 710, 200, 712, 713, 205, 210, 211, 212, 731, 220, 732, 225, 740, 230, 235, 750, 770, 771, 260, 775, 265, 780, 781, 790, 800, 290, 811, 812, 816, 305, 820, 310, 315, 830, 325, 840, 338, 339, 850, 345, 350, 352, 355, 360, 365, 375, 380, 385, 900, 390, 395, 910, 402, 403, 404, 920, 411, 420, 940, 432, 433, 434, 435, 436, 437, 438, 439, 950, 450, 451, 452, 461, 471, 475, 990, 481, 482, 483, 484, 490, 500, 501, 510}"
1981,797933,9495,158,"{2, 516, 517, 520, 522, 530, 20, 540, 541, 31, 551, 40, 41, 42, 552, 553, 560, 51, 52, 53, 54, 55, 56, 57, 58, 570, 571, 572, 580, 581, 70, 590, 591, 80, 600, 90, 91, 92, 93, 94, 95, 100, 101, 615, 616, 620, 110, 625, 115, 630, 640, 130, 645, 135, 651, 140, 652, 145, 660, 150, 663, 666, 155, 670, 160, 165, 678, 680, 690, 692, 694, 696, 698, 700, 710, 200, 712, 713, 205, 210, 211, 212, 731, 220, 732, 225, 740, 230, 235, 750, 770, 771, 260, 775, 265, 780, 781, 790, 800, 290, 811, 812, 816, 305, 820, 310, 315, 830, 325, 840, 338, 339, 850, 345, 350, 352, 355, 360, 365, 375, 380, 385, 900, 390, 395, 910, 402, 403, 404, 920, 411, 420, 935, 940, 432, 433, 434, 435, 436, 437, 438, 439, 950, 450, 451, 452, 461, 471, 475, 990, 481, 482, 483, 484, 490, 500, 501, 510}"
1982,740797,9533,159,"{2, 516, 517, 520, 522, 530, 20, 540, 541, 31, 551, 40, 41, 42, 552, 553, 560, 51, 52, 53, 54, 55, 56, 57, 58, 570, 571, 572, 580, 581, 70, 590, 591, 80, 600, 90, 91, 92, 93, 94, 95, 100, 101, 615, 616, 620, 110, 625, 115, 630, 640, 130, 645, 135, 651, 140, 652, 145, 660, 150, 663, 666, 155, 670, 160, 165, 678, 680, 690, 692, 694, 696, 698, 700, 710, 200, 712, 713, 205, 210, 211, 212, 731, 220, 732, 225, 740, 230, 235, 750, 760, 770, 771, 260, 775, 265, 780, 781, 790, 800, 290, 811, 812, 816, 305, 820, 310, 315, 830, 325, 840, 338, 339, 850, 345, 350, 352, 355, 360, 365, 375, 380, 385, 900, 390, 395, 910, 402, 403, 404, 920, 411, 420, 935, 940, 432, 433, 434, 435, 436, 437, 438, 439, 950, 450, 451, 452, 461, 471, 475, 990, 481, 482, 483, 484, 490, 500, 501, 510}"
1983,712343,9602,160,"{2, 516, 517, 520, 522, 530, 20, 540, 541, 31, 551, 40, 41, 42, 552, 553, 560, 51, 52, 53, 54, 55, 56, 57, 58, 570, 60, 571, 572, 580, 581, 70, 590, 591, 80, 600, 90, 91, 92, 93, 94, 95, 100, 101, 615, 616, 620, 110, 625, 115, 630, 640, 130, 645, 135, 651, 140, 652, 145, 660, 150, 663, 666, 155, 670, 160, 165, 678, 680, 690, 692, 694, 696, 698, 700, 710, 200, 712, 713, 205, 210, 211, 212, 731, 220, 732, 225, 740, 230, 235, 750, 760, 770, 771, 260, 775, 265, 780, 781, 790, 800, 290, 811, 812, 816, 305, 820, 310, 315, 830, 325, 840, 338, 339, 850, 345, 350, 352, 355, 360, 365, 375, 380, 385, 900, 390, 395, 910, 402, 403, 404, 920, 411, 420, 935, 940, 432, 433, 434, 435, 436, 437, 438, 439, 950, 450, 451, 452, 461, 471, 475, 990, 481, 482, 483, 484, 490, 500, 501, 510}"
1984,730452,9724,161,"{2, 516, 517, 520, 522, 530, 20, 540, 541, 31, 551, 40, 41, 42, 552, 553, 560, 51, 52, 53, 54, 55, 56, 57, 58, 570, 60, 571, 572, 580, 581, 70, 590, 591, 80, 600, 90, 91, 92, 93, 94, 95, 100, 101, 615, 616, 620, 110, 625, 115, 630, 640, 130, 645, 135, 651, 140, 652, 145, 660, 150, 663, 666, 155, 670, 160, 165, 678, 680, 690, 692, 694, 696, 698, 700, 710, 200, 712, 713, 205, 210, 211, 212, 731, 220, 732, 225, 740, 230, 235, 750, 760, 770, 771, 260, 775, 265, 780, 781, 790, 800, 290, 811, 812, 816, 305, 820, 310, 315, 830, 835, 325, 840, 338, 339, 850, 345, 350, 352, 355, 360, 365, 375, 380, 385, 900, 390, 395, 910, 402, 403, 404, 920, 411, 420, 935, 940, 432, 433, 434, 435, 436, 437, 438, 439, 950, 450, 451, 452, 461, 471, 475, 990, 481, 482, 483, 484, 490, 500, 501, 510}"
1985,730695,9783,161,"{2, 516, 517, 520, 522, 530, 20, 540, 541, 31, 551, 40, 41, 42, 552, 553, 560, 51, 52, 53, 54, 55, 56, 57, 58, 570, 60, 571, 572, 580, 581, 70, 590, 591, 80, 600, 90, 91, 92, 93, 94, 95, 100, 101, 615, 616, 620, 110, 625, 115, 630, 640, 130, 645, 135, 651, 140, 652, 145, 660, 150, 663, 666, 155, 670, 160, 165, 678, 680, 690, 692, 694, 696, 698, 700, 710, 200, 712, 713, 205, 210, 211, 212, 731, 220, 732, 225, 740, 230, 235, 750, 760, 770, 771, 260, 775, 265, 780, 781, 790, 800, 290, 811, 812, 816, 305, 820, 310, 315, 830, 835, 325, 840, 338, 339, 850, 345, 350, 352, 355, 360, 365, 375, 380, 385, 900, 390, 395, 910, 402, 403, 404, 920, 411, 420, 935, 940, 432, 433, 434, 435, 436, 437, 438, 439, 950, 450, 451, 452, 461, 471, 475, 990, 481, 482, 483, 484, 490, 500, 501, 510}"
1986,753985,9849,161,"{2, 516, 517, 520, 522, 530, 20, 540, 541, 31, 551, 40, 41, 42, 552, 553, 560, 51, 52, 53, 54, 55, 56, 57, 58, 570, 60, 571, 572, 580, 581, 70, 590, 591, 80, 600, 90, 91, 92, 93, 94, 95, 100, 101, 615, 616, 620, 110, 625, 115, 630, 640, 130, 645, 135, 651, 140, 652, 145, 660, 150, 663, 666, 155, 670, 160, 165, 678, 680, 690, 692, 694, 696, 698, 700, 710, 200, 712, 713, 205, 210, 211, 212, 731, 220, 732, 225, 740, 230, 235, 750, 760, 770, 771, 260, 775, 265, 780, 781, 790, 800, 290, 811, 812, 816, 305, 820, 310, 315, 830, 835, 325, 840, 338, 339, 850, 345, 350, 352, 355, 360, 365, 375, 380, 385, 900, 390, 395, 910, 402, 403, 404, 920, 411, 420, 935, 940, 432, 433, 434, 435, 436, 437, 438, 439, 950, 450, 451, 452, 461, 471, 475, 990, 481, 482, 483, 484, 490, 500, 501, 510}"
1987,875970,10061,161,"{2, 516, 517, 520, 522, 530, 20, 540, 541, 31, 551, 40, 41, 42, 552, 553, 560, 51, 52, 53, 54, 55, 56, 57, 58, 570, 60, 571, 572, 580, 581, 70, 590, 591, 80, 600, 90, 91, 92, 93, 94, 95, 100, 101, 615, 616, 620, 110, 625, 115, 630, 640, 130, 645, 135, 651, 140, 652, 145, 660, 150, 663, 666, 155, 670, 160, 165, 678, 680, 690, 692, 694, 696, 698, 700, 710, 200, 712, 713, 205, 210, 211, 212, 731, 220, 732, 225, 740, 230, 235, 750, 760, 770, 771, 260, 775, 265, 780, 781, 790, 800, 290, 811, 812, 816, 305, 820, 310, 315, 830, 835, 325, 840, 338, 339, 850, 345, 350, 352, 355, 360, 365, 375, 380, 385, 900, 390, 395, 910, 402, 403, 404, 920, 411, 420, 935, 940, 432, 433, 434, 435, 436, 437, 438, 439, 950, 450, 451, 452, 461, 471, 475, 990, 481, 482, 483, 484, 490, 500, 501, 510}"
1988,1031522,10093,161,"{2, 516, 517, 520, 522, 530, 20, 540, 541, 31, 551, 40, 41, 42, 552, 553, 560, 51, 52, 53, 54, 55, 56, 57, 58, 570, 60, 571, 572, 580, 581, 70, 590, 591, 80, 600, 90, 91, 92, 93, 94, 95, 100, 101, 615, 616, 620, 110, 625, 115, 630, 640, 130, 645, 135, 651, 140, 652, 145, 660, 150, 663, 666, 155, 670, 160, 165, 678, 680, 690, 692, 694, 696, 698, 700, 710, 200, 712, 713, 205, 210, 211, 212, 731, 220, 732, 225, 740, 230, 235, 750, 760, 770, 771, 260, 775, 265, 780, 781, 790, 800, 290, 811, 812, 816, 305, 820, 310, 315, 830, 835, 325, 840, 338, 339, 850, 345, 350, 352, 355, 360, 365, 375, 380, 385, 900, 390, 395, 910, 402, 403, 404, 920, 411, 420, 935, 940, 432, 433, 434, 435, 436, 437, 438, 439, 950, 450, 451, 452, 461, 471, 475, 990, 481, 482, 483, 484, 490, 500, 501, 510}"
1989,1132776,10145,161,"{2, 516, 517, 520, 522, 530, 20, 540, 541, 31, 551, 40, 41, 42, 552, 553, 560, 51, 52, 53, 54, 55, 56, 57, 58, 570, 60, 571, 572, 580, 581, 70, 590, 591, 80, 600, 90, 91, 92, 93, 94, 95, 100, 101, 615, 616, 620, 110, 625, 115, 630, 640, 130, 645, 135, 651, 140, 652, 145, 660, 150, 663, 666, 155, 670, 160, 165, 678, 680, 690, 692, 694, 696, 698, 700, 710, 200, 712, 713, 205, 210, 211, 212, 731, 220, 732, 225, 740, 230, 235, 750, 760, 770, 771, 260, 775, 265, 780, 781, 790, 800, 290, 811, 812, 816, 305, 820, 310, 315, 830, 835, 325, 840, 338, 339, 850, 345, 350, 352, 355, 360, 365, 375, 380, 385, 900, 390, 395, 910, 402, 403, 404, 920, 411, 420, 935, 940, 432, 433, 434, 435, 436, 437, 438, 439, 950, 450, 451, 452, 461, 471, 475, 990, 481, 482, 483, 484, 490, 500, 501, 510}"
1990,1602561,10227,163,"{2, 516, 517, 520, 522, 530, 20, 540, 541, 31, 551, 40, 41, 42, 552, 553, 560, 51, 52, 53, 54, 55, 56, 57, 58, 565, 60, 570, 571, 572, 580, 581, 70, 590, 591, 80, 600, 90, 91, 92, 93, 94, 95, 100, 101, 615, 616, 620, 110, 625, 115, 630, 640, 130, 645, 135, 651, 140, 652, 145, 660, 150, 663, 666, 155, 670, 160, 165, 678, 679, 690, 692, 694, 696, 698, 700, 710, 200, 712, 713, 205, 210, 211, 212, 731, 220, 732, 225, 740, 230, 235, 750, 760, 255, 770, 771, 260, 775, 265, 780, 781, 790, 800, 290, 811, 812, 816, 305, 820, 310, 315, 830, 835, 325, 840, 338, 339, 850, 345, 350, 352, 355, 360, 365, 375, 380, 385, 900, 390, 395, 910, 402, 403, 404, 920, 411, 420, 935, 940, 432, 433, 434, 435, 436, 437, 438, 439, 950, 450, 451, 452, 461, 471, 475, 990, 481, 482, 483, 484, 490, 500, 501, 510}"
1991,1678579,10386,160,"{2, 516, 517, 520, 522, 530, 20, 540, 541, 31, 551, 40, 41, 42, 552, 553, 560, 51, 52, 53, 54, 55, 56, 57, 58, 565, 60, 570, 571, 572, 580, 581, 70, 590, 591, 80, 600, 90, 91, 92, 93, 94, 95, 100, 101, 615, 616, 620, 110, 625, 115, 630, 640, 130, 645, 135, 651, 140, 652, 145, 660, 150, 663, 666, 155, 670, 160, 165, 679, 690, 692, 694, 696, 698, 700, 710, 200, 712, 713, 205, 210, 211, 212, 731, 220, 732, 225, 740, 230, 235, 750, 760, 255, 770, 771, 775, 780, 781, 790, 800, 290, 811, 812, 816, 305, 820, 310, 315, 830, 835, 325, 840, 338, 339, 850, 345, 350, 352, 355, 360, 365, 375, 380, 385, 900, 390, 395, 910, 402, 403, 404, 920, 411, 420, 935, 940, 432, 433, 434, 435, 436, 437, 438, 439, 950, 450, 451, 452, 461, 471, 475, 990, 481, 482, 483, 484, 490, 500, 501, 510}"
1992,1778570,11506,174,"{2, 20, 31, 40, 41, 42, 51, 52, 53, 54, 55, 56, 57, 58, 60, 70, 80, 90, 91, 92, 93, 94, 95, 100, 101, 110, 115, 130, 135, 140, 145, 150, 155, 160, 165, 200, 205, 210, 211, 212, 220, 225, 230, 235, 255, 290, 305, 310, 315, 325, 338, 339, 345, 350, 352, 355, 359, 360, 365, 366, 367, 368, 369, 370, 371, 372, 373, 375, 380, 385, 390, 395, 402, 403, 404, 411, 420, 432, 433, 434, 435, 436, 437, 438, 439, 450, 451, 452, 461, 471, 475, 481, 482, 483, 484, 490, 500, 501, 510, 516, 517, 520, 522, 530, 540, 541, 551, 552, 553, 560, 565, 570, 571, 572, 580, 581, 590, 591, 600, 615, 616, 620, 625, 630, 640, 645, 651, 652, 660, 663, 666, 670, 679, 690, 692, 694, 696, 698, 700, 701, 702, 703, 704, 705, 710, 712, 713, 731, 732, 740, 750, 760, 770, 771, 775, 780, 781, 790, 800, 811, 812, 816, 820, 830, 835, 840, 850, 900, 910, 920, 935, 940, 950, 990}"
1993,1702897,12255,180,"{2, 20, 31, 40, 41, 42, 51, 52, 53, 54, 55, 56, 57, 58, 60, 70, 80, 90, 91, 92, 93, 94, 95, 100, 101, 110, 115, 130, 135, 140, 145, 150, 155, 160, 165, 200, 205, 210, 211, 212, 220, 225, 230, 235, 255, 290, 305, 310, 316, 317, 325, 338, 339, 343, 344, 345, 346, 349, 350, 352, 355, 359, 360, 365, 366, 367, 368, 369, 370, 371, 372, 373, 375, 380, 385, 390, 395, 402, 403, 404, 411, 420, 432, 433, 434, 435, 436, 437, 438, 439, 450, 451, 452, 461, 471, 475, 481, 482, 483, 484, 490, 500, 501, 510, 516, 517, 520, 522, 530, 531, 540, 541, 551, 552, 553, 560, 565, 570, 571, 572, 580, 581, 590, 591, 600, 615, 616, 620, 625, 630, 640, 645, 651, 652, 660, 663, 666, 670, 679, 690, 692, 694, 696, 698, 700, 701, 702, 703, 704, 705, 710, 712, 713, 731, 732, 740, 750, 760, 770, 771, 775, 780, 781, 790, 800, 811, 812, 816, 820, 830, 835, 840, 850, 900, 910, 920, 935, 940, 950, 990}"
1994,1945904,12582,181,"{2, 20, 31, 40, 41, 42, 51, 52, 53, 54, 55, 56, 57, 58, 60, 70, 80, 90, 91, 92, 93, 94, 95, 100, 101, 110, 115, 130, 135, 140, 145, 150, 155, 160, 165, 200, 205, 210, 211, 212, 220, 225, 230, 235, 255, 290, 305, 310, 316, 317, 325, 338, 339, 343, 344, 345, 346, 349, 350, 352, 355, 359, 360, 365, 366, 367, 368, 369, 370, 371, 372, 373, 375, 380, 385, 390, 395, 402, 403, 404, 411, 420, 432, 433, 434, 435, 436, 437, 438, 439, 450, 451, 452, 461, 471, 475, 481, 482, 483, 484, 490, 500, 501, 510, 516, 517, 520, 522, 530, 531, 540, 541, 551, 552, 553, 560, 565, 570, 571, 572, 580, 581, 590, 591, 600, 615, 616, 620, 625, 630, 640, 645, 651, 652, 660, 663, 666, 670, 679, 690, 692, 694, 696, 698, 700, 701, 702, 703, 704, 705, 710, 712, 713, 731, 732, 740, 750, 760, 770, 771, 775, 780, 781, 790, 800, 811, 812, 816, 820, 830, 835, 840, 850, 900, 910, 920, 935, 940, 950, 986, 990}"
1995,2370307,12734,181,"{2, 20, 31, 40, 41, 42, 51, 52, 53, 54, 55, 56, 57, 58, 60, 70, 80, 90, 91, 92, 93, 94, 95, 100, 101, 110, 115, 130, 135, 140, 145, 150, 155, 160, 165, 200, 205, 210, 211, 212, 220, 225, 230, 235, 255, 290, 305, 310, 316, 317, 325, 338, 339, 343, 344, 345, 346, 349, 350, 352, 355, 359, 360, 365, 366, 367, 368, 369, 370, 371, 372, 373, 375, 380, 385, 390, 395, 402, 403, 404, 411, 420, 432, 433, 434, 435, 436, 437, 438, 439, 450, 451, 452, 461, 471, 475, 481, 482, 483, 484, 490, 500, 501, 510, 516, 517, 520, 522, 530, 531, 540, 541, 551, 552, 553, 560, 565, 570, 571, 572, 580, 581, 590, 591, 600, 615, 616, 620, 625, 630, 640, 645, 651, 652, 660, 663, 666, 670, 679, 690, 692, 694, 696, 698, 700, 701, 702, 703, 704, 705, 710, 712, 713, 731, 732, 740, 750, 760, 770, 771, 775, 780, 781, 790, 800, 811, 812, 816, 820, 830, 835, 840, 850, 900, 910, 920, 935, 940, 950, 986, 990}"
1996,2488147,12939,181,"{2, 20, 31, 40, 41, 42, 51, 52, 53, 54, 55, 56, 57, 58, 60, 70, 80, 90, 91, 92, 93, 94, 95, 100, 101, 110, 115, 130, 135, 140, 145, 150, 155, 160, 165, 200, 205, 210, 211, 212, 220, 225, 230, 235, 255, 290, 305, 310, 316, 317, 325, 338, 339, 343, 344, 345, 346, 349, 350, 352, 355, 359, 360, 365, 366, 367, 368, 369, 370, 371, 372, 373, 375, 380, 385, 390, 395, 402, 403, 404, 411, 420, 432, 433, 434, 435, 436, 437, 438, 439, 450, 451, 452, 461, 471, 475, 481, 482, 483, 484, 490, 500, 501, 510, 516, 517, 520, 522, 530, 531, 540, 541, 551, 552, 553, 560, 565, 570, 571, 572, 580, 581, 590, 591, 600, 615, 616, 620, 625, 630, 640, 645, 651, 652, 660, 663, 666, 670, 679, 690, 692, 694, 696, 698, 700, 701, 702, 703, 704, 705, 710, 712, 713, 731, 732, 740, 750, 760, 770, 771, 775, 780, 781, 790, 800, 811, 812, 816, 820, 830, 835, 840, 850, 900, 910, 920, 935, 940, 950, 986, 990}"
1997,2591100,13048,179,"{2, 20, 31, 40, 41, 42, 51, 52, 53, 54, 55, 56, 57, 58, 60, 70, 80, 90, 91, 92, 93, 94, 95, 100, 101, 110, 115, 130, 135, 140, 145, 150, 155, 160, 165, 200, 205, 210, 211, 212, 220, 225, 230, 235, 255, 290, 305, 310, 316, 317, 325, 338, 339, 343, 344, 346, 349, 350, 352, 355, 359, 360, 365, 366, 367, 368, 369, 370, 371, 372, 373, 375, 380, 385, 390, 395, 403, 404, 411, 420, 432, 433, 434, 435, 436, 437, 438, 439, 450, 451, 452, 461, 471, 475, 481, 482, 483, 484, 490, 500, 501, 510, 516, 517, 520, 522, 530, 531, 540, 541, 551, 552, 553, 560, 565, 570, 571, 572, 580, 581, 590, 591, 600, 615, 616, 620, 625, 630, 640, 645, 651, 652, 660, 663, 666, 670, 679, 690, 692, 694, 696, 698, 700, 701, 702, 703, 704, 705, 710, 712, 713, 731, 732, 740, 750, 760, 770, 771, 775, 780, 781, 790, 800, 811, 812, 816, 820, 830, 835, 840, 850, 900, 910, 920, 935, 940, 950, 986, 990}"
1998,2502229,13191,179,"{2, 20, 31, 40, 41, 42, 51, 52, 53, 54, 55, 56, 57, 58, 60, 70, 80, 90, 91, 92, 93, 94, 95, 100, 101, 110, 115, 130, 135, 140, 145, 150, 155, 160, 165, 200, 205, 210, 211, 212, 220, 225, 230, 235, 255, 290, 305, 310, 316, 317, 325, 338, 339, 343, 344, 346, 349, 350, 352, 355, 359, 360, 365, 366, 367, 368, 369, 370, 371, 372, 373, 375, 380, 385, 390, 395, 403, 404, 411, 420, 432, 433, 434, 435, 436, 437, 438, 439, 450, 451, 452, 461, 471, 475, 481, 482, 483, 484, 490, 500, 501, 510, 516, 517, 520, 522, 530, 531, 540, 541, 551, 552, 553, 560, 565, 570, 571, 572, 580, 581, 590, 591, 600, 615, 616, 620, 625, 630, 640, 645, 651, 652, 660, 663, 666, 670, 679, 690, 692, 694, 696, 698, 700, 701, 702, 703, 704, 705, 710, 712, 713, 731, 732, 740, 750, 760, 770, 771, 775, 780, 781, 790, 800, 811, 812, 816, 820, 830, 835, 840, 850, 900, 910, 920, 935, 940, 950, 986, 990}"
1999,2628767,13549,182,"{2, 20, 31, 40, 41, 42, 51, 52, 53, 54, 55, 56, 57, 58, 60, 70, 80, 90, 91, 92, 93, 94, 95, 100, 101, 110, 115, 130, 135, 140, 145, 150, 155, 160, 165, 200, 205, 210, 211, 212, 220, 225, 230, 235, 255, 290, 305, 310, 316, 317, 325, 338, 339, 343, 344, 346, 349, 350, 352, 355, 359, 360, 365, 366, 367, 368, 369, 370, 371, 372, 373, 375, 380, 385, 390, 395, 403, 404, 411, 420, 432, 433, 434, 435, 436, 437, 438, 439, 450, 451, 452, 461, 471, 475, 481, 482, 483, 484, 490, 500, 501, 510, 516, 517, 520, 522, 530, 531, 540, 541, 551, 552, 553, 560, 565, 570, 571, 572, 580, 581, 590, 591, 600, 615, 616, 620, 625, 630, 640, 645, 651, 652, 660, 663, 666, 670, 679, 690, 692, 694, 696, 698, 700, 701, 702, 703, 704, 705, 710, 712, 713, 731, 732, 740, 750, 760, 770, 771, 775, 780, 781, 790, 800, 811, 812, 816, 820, 830, 835, 840, 850, 900, 910, 920, 935, 940, 946, 950, 955, 970, 986, 990}"
2000,2920668,14386,183,"{2, 20, 31, 40, 41, 42, 51, 52, 53, 54, 55, 56, 57, 58, 60, 70, 80, 90, 91, 92, 93, 94, 95, 100, 101, 110, 115, 130, 135, 140, 145, 150, 155, 160, 165, 200, 205, 210, 211, 212, 220, 225, 230, 235, 255, 290, 305, 310, 316, 317, 325, 338, 339, 343, 344, 346, 349, 350, 352, 355, 359, 360, 365, 366, 367, 368, 369, 370, 371, 372, 373, 375, 380, 385, 390, 395, 403, 404, 411, 420, 432, 433, 434, 435, 436, 437, 438, 439, 450, 451, 452, 461, 471, 475, 481, 482, 483, 484, 490, 500, 501, 510, 516, 517, 520, 522, 530, 531, 540, 541, 551, 552, 553, 560, 565, 570, 571, 572, 580, 581, 590, 591, 600, 615, 616, 620, 625, 630, 640, 645, 651, 652, 660, 663, 666, 670, 679, 690, 692, 694, 696, 698, 700, 701, 702, 703, 704, 705, 710, 712, 713, 731, 732, 740, 750, 760, 770, 771, 775, 780, 781, 790, 800, 811, 812, 816, 820, 830, 835, 840, 850, 900, 910, 920, 935, 940, 946, 947, 950, 955, 970, 986, 990}"
2001,2804755,14386,183,"{2, 20, 31, 40, 41, 42, 51, 52, 53, 54, 55, 56, 57, 58, 60, 70, 80, 90, 91, 92, 93, 94, 95, 100, 101, 110, 115, 130, 135, 140, 145, 150, 155, 160, 165, 200, 205, 210, 211, 212, 220, 225, 230, 235, 255, 290, 305, 310, 316, 317, 325, 338, 339, 343, 344, 346, 349, 350, 352, 355, 359, 360, 365, 366, 367, 368, 369, 370, 371, 372, 373, 375, 380, 385, 390, 395, 403, 404, 411, 420, 432, 433, 434, 435, 436, 437, 438, 439, 450, 451, 452, 461, 471, 475, 481, 482, 483, 484, 490, 500, 501, 510, 516, 517, 520, 522, 530, 531, 540, 541, 551, 552, 553, 560, 565, 570, 571, 572, 580, 581, 590, 591, 600, 615, 616, 620, 625, 630, 640, 645, 651, 652, 660, 663, 666, 670, 679, 690, 692, 694, 696, 698, 700, 701, 702, 703, 704, 705, 710, 712, 713, 731, 732, 740, 750, 760, 770, 771, 775, 780, 781, 790, 800, 811, 812, 816, 820, 830, 835, 840, 850, 900, 910, 920, 935, 940, 946, 947, 950, 955, 970, 986, 990}"
2002,2877109,14386,183,"{2, 20, 31, 40, 41, 42, 51, 52, 53, 54, 55, 56, 57, 58, 60, 70, 80, 90, 91, 92, 93, 94, 95, 100, 101, 110, 115, 130, 135, 140, 145, 150, 155, 160, 165, 200, 205, 210, 211, 212, 220, 225, 230, 235, 255, 290, 305, 310, 316, 317, 325, 338, 339, 343, 344, 346, 349, 350, 352, 355, 359, 360, 365, 366, 367, 368, 369, 370, 371, 372, 373, 375, 380, 385, 390, 395, 403, 404, 411, 420, 432, 433, 434, 435, 436, 437, 438, 439, 450, 451, 452, 461, 471, 475, 481, 482, 483, 484, 490, 500, 501, 510, 516, 517, 520, 522, 530, 531, 540, 541, 551, 552, 553, 560, 565, 570, 571, 572, 580, 581, 590, 591, 600, 615, 616, 620, 625, 630, 640, 645, 651, 652, 660, 663, 666, 670, 679, 690, 692, 694, 696, 698, 700, 701, 702, 703, 704, 705, 710, 712, 713, 731, 732, 740, 750, 760, 770, 771, 775, 780, 781, 790, 800, 811, 812, 816, 820, 830, 835, 840, 850, 900, 910, 920, 935, 940, 946, 947, 950, 955, 970, 986, 990}"
2003,3355230,14386,183,"{2, 20, 31, 40, 41, 42, 51, 52, 53, 54, 55, 56, 57, 58, 60, 70, 80, 90, 91, 92, 93, 94, 95, 100, 101, 110, 115, 130, 135, 140, 145, 150, 155, 160, 165, 200, 205, 210, 211, 212, 220, 225, 230, 235, 255, 290, 305, 310, 316, 317, 325, 338, 339, 343, 344, 346, 349, 350, 352, 355, 359, 360, 365, 366, 367, 368, 369, 370, 371, 372, 373, 375, 380, 385, 390, 395, 403, 404, 411, 420, 432, 433, 434, 435, 436, 437, 438, 439, 450, 451, 452, 461, 471, 475, 481, 482, 483, 484, 490, 500, 501, 510, 516, 517, 520, 522, 530, 531, 540, 541, 551, 552, 553, 560, 565, 570, 571, 572, 580, 581, 590, 591, 600, 615, 616, 620, 625, 630, 640, 645, 651, 652, 660, 663, 666, 670, 679, 690, 692, 694, 696, 698, 700, 701, 702, 703, 704, 705, 710, 712, 713, 731, 732, 740, 750, 760, 770, 771, 775, 780, 781, 790, 800, 811, 812, 816, 820, 830, 835, 840, 850, 900, 910, 920, 935, 940, 946, 947, 950, 955, 970, 986, 990}"
2004,4111678,14386,183,"{2, 20, 31, 40, 41, 42, 51, 52, 53, 54, 55, 56, 57, 58, 60, 70, 80, 90, 91, 92, 93, 94, 95, 100, 101, 110, 115, 130, 135, 140, 145, 150, 155, 160, 165, 200, 205, 210, 211, 212, 220, 225, 230, 235, 255, 290, 305, 310, 316, 317, 325, 338, 339, 343, 344, 346, 349, 350, 352, 355, 359, 360, 365, 366, 367, 368, 369, 370, 371, 372, 373, 375, 380, 385, 390, 395, 403, 404, 411, 420, 432, 433, 434, 435, 436, 437, 438, 439, 450, 451, 452, 461, 471, 475, 481, 482, 483, 484, 490, 500, 501, 510, 516, 517, 520, 522, 530, 531, 540, 541, 551, 552, 553, 560, 565, 570, 571, 572, 580, 581, 590, 591, 600, 615, 616, 620, 625, 630, 640, 645, 651, 652, 660, 663, 666, 670, 679, 690, 692, 694, 696, 698, 700, 701, 702, 703, 704, 705, 710, 712, 713, 731, 732, 740, 750, 760, 770, 771, 775, 780, 781, 790, 800, 811, 812, 816, 820, 830, 835, 840, 850, 900, 910, 920, 935, 940, 946, 947, 950, 955, 970, 986, 990}"
2005,4644897,14386,183,"{2, 20, 31, 40, 41, 42, 51, 52, 53, 54, 55, 56, 57, 58, 60, 70, 80, 90, 91, 92, 93, 94, 95, 100, 101, 110, 115, 130, 135, 140, 145, 150, 155, 160, 165, 200, 205, 210, 211, 212, 220, 225, 230, 235, 255, 290, 305, 310, 316, 317, 325, 338, 339, 343, 344, 346, 349, 350, 352, 355, 359, 360, 365, 366, 367, 368, 369, 370, 371, 372, 373, 375, 380, 385, 390, 395, 403, 404, 411, 420, 432, 433, 434, 435, 436, 437, 438, 439, 450, 451, 452, 461, 471, 475, 481, 482, 483, 484, 490, 500, 501, 510, 516, 517, 520, 522, 530, 531, 540, 541, 551, 552, 553, 560, 565, 570, 571, 572, 580, 581, 590, 591, 600, 615, 616, 620, 625, 630, 640, 645, 651, 652, 660, 663, 666, 670, 679, 690, 692, 694, 696, 698, 700, 701, 702, 703, 704, 705, 710, 712, 713, 731, 732, 740, 750, 760, 770, 771, 775, 780, 781, 790, 800, 811, 812, 816, 820, 830, 835, 840, 850, 900, 910, 920, 935, 940, 946, 947, 950, 955, 970, 986, 990}"
2006,5374266,14563,184,"{2, 20, 31, 40, 41, 42, 51, 52, 53, 54, 55, 56, 57, 58, 60, 70, 80, 90, 91, 92, 93, 94, 95, 100, 101, 110, 115, 130, 135, 140, 145, 150, 155, 160, 165, 200, 205, 210, 211, 212, 220, 225, 230, 235, 255, 290, 305, 310, 316, 317, 325, 338, 339, 341, 343, 344, 346, 349, 350, 352, 355, 359, 360, 365, 366, 367, 368, 369, 370, 371, 372, 373, 375, 380, 385, 390, 395, 403, 404, 411, 420, 432, 433, 434, 435, 436, 437, 438, 439, 450, 451, 452, 461, 471, 475, 481, 482, 483, 484, 490, 500, 501, 510, 516, 517, 520, 522, 530, 531, 540, 541, 551, 552, 553, 560, 565, 570, 571, 572, 580, 581, 590, 591, 600, 615, 616, 620, 625, 630, 640, 645, 651, 652, 660, 663, 666, 670, 679, 690, 692, 694, 696, 698, 700, 701, 702, 703, 704, 705, 710, 712, 713, 731, 732, 740, 750, 760, 770, 771, 775, 780, 781, 790, 800, 811, 812, 816, 820, 830, 835, 840, 850, 900, 910, 920, 935, 940, 946, 947, 950, 955, 970, 986, 990}"
2007,6339222,14563,184,"{2, 20, 31, 40, 41, 42, 51, 52, 53, 54, 55, 56, 57, 58, 60, 70, 80, 90, 91, 92, 93, 94, 95, 100, 101, 110, 115, 130, 135, 140, 145, 150, 155, 160, 165, 200, 205, 210, 211, 212, 220, 225, 230, 235, 255, 290, 305, 310, 316, 317, 325, 338, 339, 341, 343, 344, 346, 349, 350, 352, 355, 359, 360, 365, 366, 367, 368, 369, 370, 371, 372, 373, 375, 380, 385, 390, 395, 403, 404, 411, 420, 432, 433, 434, 435, 436, 437, 438, 439, 450, 451, 452, 461, 471, 475, 481, 482, 483, 484, 490, 500, 501, 510, 516, 517, 520, 522, 530, 531, 540, 541, 551, 552, 553, 560, 565, 570, 571, 572, 580, 581, 590, 591, 600, 615, 616, 620, 625, 630, 640, 645, 651, 652, 660, 663, 666, 670, 679, 690, 692, 694, 696, 698, 700, 701, 702, 703, 704, 705, 710, 712, 713, 731, 732, 740, 750, 760, 770, 771, 775, 780, 781, 790, 800, 811, 812, 816, 820, 830, 835, 840, 850, 900, 910, 920, 935, 940, 946, 947, 950, 955, 970, 986, 990}"
2008,7474102,14608,185,"{2, 20, 31, 40, 41, 42, 51, 52, 53, 54, 55, 56, 57, 58, 60, 70, 80, 90, 91, 92, 93, 94, 95, 100, 101, 110, 115, 130, 135, 140, 145, 150, 155, 160, 165, 200, 205, 210, 211, 212, 220, 225, 230, 235, 255, 290, 305, 310, 316, 317, 325, 338, 339, 341, 343, 344, 346, 347, 349, 350, 352, 355, 359, 360, 365, 366, 367, 368, 369, 370, 371, 372, 373, 375, 380, 385, 390, 395, 403, 404, 411, 420, 432, 433, 434, 435, 436, 437, 438, 439, 450, 451, 452, 461, 471, 475, 481, 482, 483, 484, 490, 500, 501, 510, 516, 517, 520, 522, 530, 531, 540, 541, 551, 552, 553, 560, 565, 570, 571, 572, 580, 581, 590, 591, 600, 615, 616, 620, 625, 630, 640, 645, 651, 652, 660, 663, 666, 670, 679, 690, 692, 694, 696, 698, 700, 701, 702, 703, 704, 705, 710, 712, 713, 731, 732, 740, 750, 760, 770, 771, 775, 780, 781, 790, 800, 811, 812, 816, 820, 830, 835, 840, 850, 900, 910, 920, 935, 940, 946, 947, 950, 955, 970, 986, 990}"
2009,5786056,14608,185,"{2, 20, 31, 40, 41, 42, 51, 52, 53, 54, 55, 56, 57, 58, 60, 70, 80, 90, 91, 92, 93, 94, 95, 100, 101, 110, 115, 130, 135, 140, 145, 150, 155, 160, 165, 200, 205, 210, 211, 212, 220, 225, 230, 235, 255, 290, 305, 310, 316, 317, 325, 338, 339, 341, 343, 344, 346, 347, 349, 350, 352, 355, 359, 360, 365, 366, 367, 368, 369, 370, 371, 372, 373, 375, 380, 385, 390, 395, 403, 404, 411, 420, 432, 433, 434, 435, 436, 437, 438, 439, 450, 451, 452, 461, 471, 475, 481, 482, 483, 484, 490, 500, 501, 510, 516, 517, 520, 522, 530, 531, 540, 541, 551, 552, 553, 560, 565, 570, 571, 572, 580, 581, 590, 591, 600, 615, 616, 620, 625, 630, 640, 645, 651, 652, 660, 663, 666, 670, 679, 690, 692, 694, 696, 698, 700, 701, 702, 703, 704, 705, 710, 712, 713, 731, 732, 740, 750, 760, 770, 771, 775, 780, 781, 790, 800, 811, 812, 816, 820, 830, 835, 840, 850, 900, 910, 920, 935, 940, 946, 947, 950, 955, 970, 986, 990}"
2010,6932309,14609,185,"{2, 20, 31, 40, 41, 42, 51, 52, 53, 54, 55, 56, 57, 58, 60, 70, 80, 90, 91, 92, 93, 94, 95, 100, 101, 110, 115, 130, 135, 140, 145, 150, 155, 160, 165, 200, 205, 210, 211, 212, 220, 225, 230, 235, 255, 290, 305, 310, 316, 317, 325, 338, 339, 341, 343, 344, 346, 347, 349, 350, 352, 355, 359, 360, 365, 366, 367, 368, 369, 370, 371, 372, 373, 375, 380, 385, 390, 395, 403, 404, 411, 420, 432, 433, 434, 435, 436, 437, 438, 439, 450, 451, 452, 461, 471, 475, 481, 482, 483, 484, 490, 500, 501, 510, 516, 517, 520, 522, 530, 531, 540, 541, 551, 552, 553, 560, 565, 570, 571, 572, 580, 581, 590, 591, 600, 615, 616, 620, 625, 630, 640, 645, 651, 652, 660, 663, 666, 670, 679, 690, 692, 694, 696, 698, 700, 701, 702, 703, 704, 705, 710, 712, 713, 731, 732, 740, 750, 760, 770, 771, 775, 780, 781, 790, 800, 811, 812, 816, 820, 830, 835, 840, 850, 900, 910, 920, 935, 940, 946, 947, 950, 955, 970, 986, 990}"
2011,8419245,14615,186,"{2, 20, 31, 40, 41, 42, 51, 52, 53, 54, 55, 56, 57, 58, 60, 70, 80, 90, 91, 92, 93, 94, 95, 100, 101, 110, 115, 130, 135, 140, 145, 150, 155, 160, 165, 200, 205, 210, 211, 212, 220, 225, 230, 235, 255, 290, 305, 310, 316, 317, 325, 338, 339, 341, 343, 344, 346, 347, 349, 350, 352, 355, 359, 360, 365, 366, 367, 368, 369, 370, 371, 372, 373, 375, 380, 385, 390, 395, 403, 404, 411, 420, 432, 433, 434, 435, 436, 437, 438, 439, 450, 451, 452, 461, 471, 475, 481, 482, 483, 484, 490, 500, 501, 510, 516, 517, 520, 522, 530, 531, 540, 541, 551, 552, 553, 560, 565, 570, 571, 572, 580, 581, 590, 591, 600, 615, 616, 620, 625, 626, 630, 640, 645, 651, 652, 660, 663, 666, 670, 679, 690, 692, 694, 696, 698, 700, 701, 702, 703, 704, 705, 710, 712, 713, 731, 732, 740, 750, 760, 770, 771, 775, 780, 781, 790, 800, 811, 812, 816, 820, 830, 835, 840, 850, 900, 910, 920, 935, 940, 946, 947, 950, 955, 970, 986, 990}"
2012,8552075,14615,186,"{2, 20, 31, 40, 41, 42, 51, 52, 53, 54, 55, 56, 57, 58, 60, 70, 80, 90, 91, 92, 93, 94, 95, 100, 101, 110, 115, 130, 135, 140, 145, 150, 155, 160, 165, 200, 205, 210, 211, 212, 220, 225, 230, 235, 255, 290, 305, 310, 316, 317, 325, 338, 339, 341, 343, 344, 346, 347, 349, 350, 352, 355, 359, 360, 365, 366, 367, 368, 369, 370, 371, 372, 373, 375, 380, 385, 390, 395, 403, 404, 411, 420, 432, 433, 434, 435, 436, 437, 438, 439, 450, 451, 452, 461, 471, 475, 481, 482, 483, 484, 490, 500, 501, 510, 516, 517, 520, 522, 530, 531, 540, 541, 551, 552, 553, 560, 565, 570, 571, 572, 580, 581, 590, 591, 600, 615, 616, 620, 625, 626, 630, 640, 645, 651, 652, 660, 663, 666, 670, 679, 690, 692, 694, 696, 698, 700, 701, 702, 703, 704, 705, 710, 712, 713, 731, 732, 740, 750, 760, 770, 771, 775, 780, 781, 790, 800, 811, 812, 816, 820, 830, 835, 840, 850, 900, 910, 920, 935, 940, 946, 947, 950, 955, 970, 986, 990}"
2013,8695168,14615,186,"{2, 20, 31, 40, 41, 42, 51, 52, 53, 54, 55, 56, 57, 58, 60, 70, 80, 90, 91, 92, 93, 94, 95, 100, 101, 110, 115, 130, 135, 140, 145, 150, 155, 160, 165, 200, 205, 210, 211, 212, 220, 225, 230, 235, 255, 290, 305, 310, 316, 317, 325, 338, 339, 341, 343, 344, 346, 347, 349, 350, 352, 355, 359, 360, 365, 366, 367, 368, 369, 370, 371, 372, 373, 375, 380, 385, 390, 395, 403, 404, 411, 420, 432, 433, 434, 435, 436, 437, 438, 439, 450, 451, 452, 461, 471, 475, 481, 482, 483, 484, 490, 500, 501, 510, 516, 517, 520, 522, 530, 531, 540, 541, 551, 552, 553, 560, 565, 570, 571, 572, 580, 581, 590, 591, 600, 615, 616, 620, 625, 626, 630, 640, 645, 651, 652, 660, 663, 666, 670, 679, 690, 692, 694, 696, 698, 700, 701, 702, 703, 704, 705, 710, 712, 713, 731, 732, 740, 750, 760, 770, 771, 775, 780, 781, 790, 800, 811, 812, 816, 820, 830, 835, 840, 850, 900, 910, 920, 935, 940, 946, 947, 950, 955, 970, 986, 990}"
2014,8740705,14615,186,"{2, 20, 31, 40, 41, 42, 51, 52, 53, 54, 55, 56, 57, 58, 60, 70, 80, 90, 91, 92, 93, 94, 95, 100, 101, 110, 115, 130, 135, 140, 145, 150, 155, 160, 165, 200, 205, 210, 211, 212, 220, 225, 230, 235, 255, 290, 305, 310, 316, 317, 325, 338, 339, 341, 343, 344, 346, 347, 349, 350, 352, 355, 359, 360, 365, 366, 367, 368, 369, 370, 371, 372, 373, 375, 380, 385, 390, 395, 403, 404, 411, 420, 432, 433, 434, 435, 436, 437, 438, 439, 450, 451, 452, 461, 471, 475, 481, 482, 483, 484, 490, 500, 501, 510, 516, 517, 520, 522, 530, 531, 540, 541, 551, 552, 553, 560, 565, 570, 571, 572, 580, 581, 590, 591, 600, 615, 616, 620, 625, 626, 630, 640, 645, 651, 652, 660, 663, 666, 670, 679, 690, 692, 694, 696, 698, 700, 701, 702, 703, 704, 705, 710, 712, 713, 731, 732, 740, 750, 760, 770, 771, 775, 780, 781, 790, 800, 811, 812, 816, 820, 830, 835, 840, 850, 900, 910, 920, 935, 940, 946, 947, 950, 955, 970, 986, 990}"
